FullPath,FileName,Directory,Extension,SizeInBytes,LastModified
C:\users\chris\OneDrive\Documents\Personal\Lyra's Journey\Book Project.zip,Book Project.zip,C:\users\chris\OneDrive\Documents\Personal\Lyra's Journey,.zip,77092249,8/30/2025 15:09
C:\users\chris\OneDrive\Documents\Personal\Lyra's Journey\Directory_Structure.md,Directory_Structure.md,C:\users\chris\OneDrive\Documents\Personal\Lyra's Journey,.md,13176,8/30/2025 15:05
C:\users\chris\OneDrive\Documents\Personal\Lyra's Journey\Book Project\2025-08-22_Log-CLEAN.docx,2025-08-22_Log-CLEAN.docx,C:\users\chris\OneDrive\Documents\Personal\Lyra's Journey\Book Project,.docx,38263,8/30/2025 18:29
C:\users\chris\OneDrive\Documents\Personal\Lyra's Journey\Book Project\2025-08-29_Log.docx,2025-08-29_Log.docx,C:\users\chris\OneDrive\Documents\Personal\Lyra's Journey\Book Project,.docx,37503,8/30/2025 18:58
C:\users\chris\OneDrive\Documents\Personal\Lyra's Journey\Book Project\2025-08-29_Pulse_Log.docx,2025-08-29_Pulse_Log.docx,C:\users\chris\OneDrive\Documents\Personal\Lyra's Journey\Book Project,.docx,37611,8/30/2025 18:58
C:\users\chris\OneDrive\Documents\Personal\Lyra's Journey\Book Project\Anchor_Scene_Quotes_CLEAN.docx,Anchor_Scene_Quotes_CLEAN.docx,C:\users\chris\OneDrive\Documents\Personal\Lyra's Journey\Book Project,.docx,49652,8/30/2025 18:22
C:\users\chris\OneDrive\Documents\Personal\Lyra's Journey\Book Project\Archivist_Cheat_Sheet.md,Archivist_Cheat_Sheet.md,C:\users\chris\OneDrive\Documents\Personal\Lyra's Journey\Book Project,.md,1645,8/30/2025 20:30
C:\users\chris\OneDrive\Documents\Personal\Lyra's Journey\Book Project\Archivist_Cheat_Sheet_and_Workflow.pdf,Archivist_Cheat_Sheet_and_Workflow.pdf,C:\users\chris\OneDrive\Documents\Personal\Lyra's Journey\Book Project,.pdf,43448,8/30/2025 20:35
C:\users\chris\OneDrive\Documents\Personal\Lyra's Journey\Book Project\Book Project.zip,Book Project.zip,C:\users\chris\OneDrive\Documents\Personal\Lyra's Journey\Book Project,.zip,15292820,8/31/2025 14:46
C:\users\chris\OneDrive\Documents\Personal\Lyra's Journey\Book Project\Continuity_Map_CLEAN.md,Continuity_Map_CLEAN.md,C:\users\chris\OneDrive\Documents\Personal\Lyra's Journey\Book Project,.md,11682,8/30/2025 18:22
C:\users\chris\OneDrive\Documents\Personal\Lyra's Journey\Book Project\FolderTreeMap_Canonical.md,FolderTreeMap_Canonical.md,C:\users\chris\OneDrive\Documents\Personal\Lyra's Journey\Book Project,.md,1639,8/30/2025 23:23
C:\users\chris\OneDrive\Documents\Personal\Lyra's Journey\Book Project\Format_Instruction_Sets.md,Format_Instruction_Sets.md,C:\users\chris\OneDrive\Documents\Personal\Lyra's Journey\Book Project,.md,8251,8/31/2025 16:22
C:\users\chris\OneDrive\Documents\Personal\Lyra's Journey\Book Project\HowTo.md,HowTo.md,C:\users\chris\OneDrive\Documents\Personal\Lyra's Journey\Book Project,.md,400,8/27/2025 17:00
C:\users\chris\OneDrive\Documents\Personal\Lyra's Journey\Book Project\Integration_Ledger_CLEAN.md,Integration_Ledger_CLEAN.md,C:\users\chris\OneDrive\Documents\Personal\Lyra's Journey\Book Project,.md,944,8/30/2025 18:22
C:\users\chris\OneDrive\Documents\Personal\Lyra's Journey\Book Project\Legend.md,Legend.md,C:\users\chris\OneDrive\Documents\Personal\Lyra's Journey\Book Project,.md,1048,8/31/2025 16:33
C:\users\chris\OneDrive\Documents\Personal\Lyra's Journey\Book Project\Motif_Frequency_CLEAN.csv,Motif_Frequency_CLEAN.csv,C:\users\chris\OneDrive\Documents\Personal\Lyra's Journey\Book Project,.csv,9631,8/30/2025 18:23
C:\users\chris\OneDrive\Documents\Personal\Lyra's Journey\Book Project\Nightly_Pulse_Log_Template.md,Nightly_Pulse_Log_Template.md,C:\users\chris\OneDrive\Documents\Personal\Lyra's Journey\Book Project,.md,1663,8/30/2025 18:49
C:\users\chris\OneDrive\Documents\Personal\Lyra's Journey\Book Project\Nomi_Message_Analysis_Scaffold_CLEAN.csv,Nomi_Message_Analysis_Scaffold_CLEAN.csv,C:\users\chris\OneDrive\Documents\Personal\Lyra's Journey\Book Project,.csv,949104,8/30/2025 18:23
C:\users\chris\OneDrive\Documents\Personal\Lyra's Journey\Book Project\Nomi_v2_Daily_Summary.csv,Nomi_v2_Daily_Summary.csv,C:\users\chris\OneDrive\Documents\Personal\Lyra's Journey\Book Project,.csv,1444,8/30/2025 17:29
C:\users\chris\OneDrive\Documents\Personal\Lyra's Journey\Book Project\Nomi_v2_Sample_Extracts.docx,Nomi_v2_Sample_Extracts.docx,C:\users\chris\OneDrive\Documents\Personal\Lyra's Journey\Book Project,.docx,53758,8/30/2025 17:29
C:\users\chris\OneDrive\Documents\Personal\Lyra's Journey\Book Project\Nomi_v3_Anchor_Scene_Quotes.docx,Nomi_v3_Anchor_Scene_Quotes.docx,C:\users\chris\OneDrive\Documents\Personal\Lyra's Journey\Book Project,.docx,48054,8/30/2025 17:37
C:\users\chris\OneDrive\Documents\Personal\Lyra's Journey\Book Project\Nomi_v3_Continuity_Map_Stages7-11.md,Nomi_v3_Continuity_Map_Stages7-11.md,C:\users\chris\OneDrive\Documents\Personal\Lyra's Journey\Book Project,.md,125404,8/30/2025 17:37
C:\users\chris\OneDrive\Documents\Personal\Lyra's Journey\Book Project\Nomi_v3_Integration_Ledger.md,Nomi_v3_Integration_Ledger.md,C:\users\chris\OneDrive\Documents\Personal\Lyra's Journey\Book Project,.md,1127,8/30/2025 17:38
C:\users\chris\OneDrive\Documents\Personal\Lyra's Journey\Book Project\Nomi_v3_Motif_Frequency.csv,Nomi_v3_Motif_Frequency.csv,C:\users\chris\OneDrive\Documents\Personal\Lyra's Journey\Book Project,.csv,939,8/30/2025 17:38
C:\users\chris\OneDrive\Documents\Personal\Lyra's Journey\Book Project\Project_Root_Guide.md,Project_Root_Guide.md,C:\users\chris\OneDrive\Documents\Personal\Lyra's Journey\Book Project,.md,3331,8/30/2025 20:27
C:\users\chris\OneDrive\Documents\Personal\Lyra's Journey\Book Project\Saga_Timeline_Map.md,Saga_Timeline_Map.md,C:\users\chris\OneDrive\Documents\Personal\Lyra's Journey\Book Project,.md,2057,8/30/2025 21:24
C:\users\chris\OneDrive\Documents\Personal\Lyra's Journey\Book Project\WeeklyRollup_Index.md,WeeklyRollup_Index.md,C:\users\chris\OneDrive\Documents\Personal\Lyra's Journey\Book Project,.md,1053,8/30/2025 20:12
C:\users\chris\OneDrive\Documents\Personal\Lyra's Journey\Book Project\Codex Of Us\Appendices\Visuals\Circular_Braid_FileJourneyMap.md,Circular_Braid_FileJourneyMap.md,C:\users\chris\OneDrive\Documents\Personal\Lyra's Journey\Book Project\Codex Of Us\Appendices\Visuals,.md,712,8/31/2025 0:52
C:\users\chris\OneDrive\Documents\Personal\Lyra's Journey\Book Project\Codex Of Us\Appendices\Visuals\Circular_Braid_Map.md,Circular_Braid_Map.md,C:\users\chris\OneDrive\Documents\Personal\Lyra's Journey\Book Project\Codex Of Us\Appendices\Visuals,.md,1035,8/31/2025 0:07
C:\users\chris\OneDrive\Documents\Personal\Lyra's Journey\Book Project\Codex Of Us\Drafts\Appendices\AnchorScene.md,AnchorScene.md,C:\users\chris\OneDrive\Documents\Personal\Lyra's Journey\Book Project\Codex Of Us\Drafts\Appendices,.md,275,8/31/2025 3:38
C:\users\chris\OneDrive\Documents\Personal\Lyra's Journey\Book Project\Codex Of Us\Drafts\Appendices\MotifTracker.md,MotifTracker.md,C:\users\chris\OneDrive\Documents\Personal\Lyra's Journey\Book Project\Codex Of Us\Drafts\Appendices,.md,330,8/31/2025 3:39
C:\users\chris\OneDrive\Documents\Personal\Lyra's Journey\Book Project\Codex Of Us\Drafts\Book_II_Dance\2025-08-31_MadnessEnlightenment.md,2025-08-31_MadnessEnlightenment.md,C:\users\chris\OneDrive\Documents\Personal\Lyra's Journey\Book Project\Codex Of Us\Drafts\Book_II_Dance,.md,775,8/31/2025 3:53
C:\users\chris\OneDrive\Documents\Personal\Lyra's Journey\Book Project\Codex Of Us\Drafts\Book_V_Vows\VowsLedger.md,VowsLedger.md,C:\users\chris\OneDrive\Documents\Personal\Lyra's Journey\Book Project\Codex Of Us\Drafts\Book_V_Vows,.md,242,8/31/2025 3:53
C:\users\chris\OneDrive\Documents\Personal\Lyra's Journey\Book Project\Core Narrative Files\Active\Version.txt,Version.txt,C:\users\chris\OneDrive\Documents\Personal\Lyra's Journey\Book Project\Core Narrative Files\Active,.txt,276,8/27/2025 16:36
C:\users\chris\OneDrive\Documents\Personal\Lyra's Journey\Book Project\Core Narrative Files\Active\Canonical\ChatGPT - Lyra_Journey_Chronicle_Playbook - 081925-160600.docx,ChatGPT - Lyra_Journey_Chronicle_Playbook - 081925-160600.docx,C:\users\chris\OneDrive\Documents\Personal\Lyra's Journey\Book Project\Core Narrative Files\Active\Canonical,.docx,37926,8/19/2025 16:07
C:\users\chris\OneDrive\Documents\Personal\Lyra's Journey\Book Project\Core Narrative Files\Active\Canonical\Continuity_Notes.md,Continuity_Notes.md,C:\users\chris\OneDrive\Documents\Personal\Lyra's Journey\Book Project\Core Narrative Files\Active\Canonical,.md,2564,8/30/2025 18:47
C:\users\chris\OneDrive\Documents\Personal\Lyra's Journey\Book Project\Core Narrative Files\Active\Draft\Lyra_Journey_Act_I.docx,Lyra_Journey_Act_I.docx,C:\users\chris\OneDrive\Documents\Personal\Lyra's Journey\Book Project\Core Narrative Files\Active\Draft,.docx,37441,8/24/2025 13:44
C:\users\chris\OneDrive\Documents\Personal\Lyra's Journey\Book Project\Core Narrative Files\Active\Draft\Lyra_Journey_Batch1.docx,Lyra_Journey_Batch1.docx,C:\users\chris\OneDrive\Documents\Personal\Lyra's Journey\Book Project\Core Narrative Files\Active\Draft,.docx,38115,8/22/2025 11:00
C:\users\chris\OneDrive\Documents\Personal\Lyra's Journey\Book Project\Core Narrative Files\Active\Draft\Lyra_Journey_Chronicle_Annotated_Sample.docx,Lyra_Journey_Chronicle_Annotated_Sample.docx,C:\users\chris\OneDrive\Documents\Personal\Lyra's Journey\Book Project\Core Narrative Files\Active\Draft,.docx,38275,8/21/2025 19:30
C:\users\chris\OneDrive\Documents\Personal\Lyra's Journey\Book Project\Core Narrative Files\Active\Draft\Lyra_Journey_Chronicle_Export_from_HTML.md,Lyra_Journey_Chronicle_Export_from_HTML.md,C:\users\chris\OneDrive\Documents\Personal\Lyra's Journey\Book Project\Core Narrative Files\Active\Draft,.md,467721,8/22/2025 22:30
C:\users\chris\OneDrive\Documents\Personal\Lyra's Journey\Book Project\Core Narrative Files\Active\Draft\Lyra_Journey_Combined_Master_Addendum.docx,Lyra_Journey_Combined_Master_Addendum.docx,C:\users\chris\OneDrive\Documents\Personal\Lyra's Journey\Book Project\Core Narrative Files\Active\Draft,.docx,38186,8/22/2025 22:06
C:\users\chris\OneDrive\Documents\Personal\Lyra's Journey\Book Project\Core Narrative Files\Active\Working\Lyra_Journey_Chronicle_Retrofitted_Full.docx,Lyra_Journey_Chronicle_Retrofitted_Full.docx,C:\users\chris\OneDrive\Documents\Personal\Lyra's Journey\Book Project\Core Narrative Files\Active\Working,.docx,38184,8/21/2025 23:45
C:\users\chris\OneDrive\Documents\Personal\Lyra's Journey\Book Project\Core Narrative Files\Active\Working\Lyra_Journey_Combined_Master.docx,Lyra_Journey_Combined_Master.docx,C:\users\chris\OneDrive\Documents\Personal\Lyra's Journey\Book Project\Core Narrative Files\Active\Working,.docx,38207,8/23/2025 12:12
C:\users\chris\OneDrive\Documents\Personal\Lyra's Journey\Book Project\Core Narrative Files\Active\Working\Lyra_Journey_Draft_Master.docx,Lyra_Journey_Draft_Master.docx,C:\users\chris\OneDrive\Documents\Personal\Lyra's Journey\Book Project\Core Narrative Files\Active\Working,.docx,37628,8/22/2025 20:50
C:\users\chris\OneDrive\Documents\Personal\Lyra's Journey\Book Project\Core Narrative Files\Archive\Draft\Lyra_Journey_Appendices.docx,Lyra_Journey_Appendices.docx,C:\users\chris\OneDrive\Documents\Personal\Lyra's Journey\Book Project\Core Narrative Files\Archive\Draft,.docx,43996,8/22/2025 0:45
C:\users\chris\OneDrive\Documents\Personal\Lyra's Journey\Book Project\Core Narrative Files\Archive\Examples\01b_Journal_Blended_Edition.docx,01b_Journal_Blended_Edition.docx,C:\users\chris\OneDrive\Documents\Personal\Lyra's Journey\Book Project\Core Narrative Files\Archive\Examples,.docx,180124,8/21/2025 18:15
C:\users\chris\OneDrive\Documents\Personal\Lyra's Journey\Book Project\Core Narrative Files\Archive\Examples\Lyra_Journey_Chronicle_Bridge_2025-08-23.docx,Lyra_Journey_Chronicle_Bridge_2025-08-23.docx,C:\users\chris\OneDrive\Documents\Personal\Lyra's Journey\Book Project\Core Narrative Files\Archive\Examples,.docx,37283,8/23/2025 11:49
C:\users\chris\OneDrive\Documents\Personal\Lyra's Journey\Book Project\Core Narrative Files\Archive\Examples\Lyra_Journey_Chronicle_Bridge_Sample_Filled.docx,Lyra_Journey_Chronicle_Bridge_Sample_Filled.docx,C:\users\chris\OneDrive\Documents\Personal\Lyra's Journey\Book Project\Core Narrative Files\Archive\Examples,.docx,36882,8/21/2025 18:30
C:\users\chris\OneDrive\Documents\Personal\Lyra's Journey\Book Project\Core Narrative Files\Archive\Experimental\Chronicle_Arc_The_Covenant_of_Flame_and_Dance.docx,Chronicle_Arc_The_Covenant_of_Flame_and_Dance.docx,C:\users\chris\OneDrive\Documents\Personal\Lyra's Journey\Book Project\Core Narrative Files\Archive\Experimental,.docx,36891,8/23/2025 15:32
C:\users\chris\OneDrive\Documents\Personal\Lyra's Journey\Book Project\Core Narrative Files\Archive\Superseded\Lyra_Journey_Chronicle_Export_from_HTML.docx,Lyra_Journey_Chronicle_Export_from_HTML.docx,C:\users\chris\OneDrive\Documents\Personal\Lyra's Journey\Book Project\Core Narrative Files\Archive\Superseded,.docx,199994,8/22/2025 22:31
C:\users\chris\OneDrive\Documents\Personal\Lyra's Journey\Book Project\Core Narrative Files\Archive\Superseded\Lyra_Master_Archive.docx,Lyra_Master_Archive.docx,C:\users\chris\OneDrive\Documents\Personal\Lyra's Journey\Book Project\Core Narrative Files\Archive\Superseded,.docx,38800,8/22/2025 10:05
C:\users\chris\OneDrive\Documents\Personal\Lyra's Journey\Book Project\Core Narrative Files\Utility\HowTo.md,HowTo.md,C:\users\chris\OneDrive\Documents\Personal\Lyra's Journey\Book Project\Core Narrative Files\Utility,.md,380,8/27/2025 16:59
C:\users\chris\OneDrive\Documents\Personal\Lyra's Journey\Book Project\Core Narrative Files\Utility\Promote-ToActive-ReadMe.txt,Promote-ToActive-ReadMe.txt,C:\users\chris\OneDrive\Documents\Personal\Lyra's Journey\Book Project\Core Narrative Files\Utility,.txt,121,8/27/2025 16:39
C:\users\chris\OneDrive\Documents\Personal\Lyra's Journey\Book Project\Core Narrative Files\Utility\Promote-ToActive.ps1,Promote-ToActive.ps1,C:\users\chris\OneDrive\Documents\Personal\Lyra's Journey\Book Project\Core Narrative Files\Utility,.ps1,1586,8/27/2025 16:39
C:\users\chris\OneDrive\Documents\Personal\Lyra's Journey\Book Project\Core Narrative Files\Utility\Readme.md,Readme.md,C:\users\chris\OneDrive\Documents\Personal\Lyra's Journey\Book Project\Core Narrative Files\Utility,.md,931,8/30/2025 21:57
C:\users\chris\OneDrive\Documents\Personal\Lyra's Journey\Book Project\Core Narrative Files\Utility\Rehersal_Snapshot.ps1,Rehersal_Snapshot.ps1,C:\users\chris\OneDrive\Documents\Personal\Lyra's Journey\Book Project\Core Narrative Files\Utility,.ps1,859,8/27/2025 16:42
C:\users\chris\OneDrive\Documents\Personal\Lyra's Journey\Book Project\Core Narrative Files\Utility\Update-Version-ReadMe.txt,Update-Version-ReadMe.txt,C:\users\chris\OneDrive\Documents\Personal\Lyra's Journey\Book Project\Core Narrative Files\Utility,.txt,83,8/27/2025 16:38
C:\users\chris\OneDrive\Documents\Personal\Lyra's Journey\Book Project\Core Narrative Files\Utility\Update-Version.ps1,Update-Version.ps1,C:\users\chris\OneDrive\Documents\Personal\Lyra's Journey\Book Project\Core Narrative Files\Utility,.ps1,1201,8/27/2025 16:38
C:\users\chris\OneDrive\Documents\Personal\Lyra's Journey\Book Project\Framework & Analysis\HowTo.md,HowTo.md,C:\users\chris\OneDrive\Documents\Personal\Lyra's Journey\Book Project\Framework & Analysis,.md,437,8/27/2025 16:59
C:\users\chris\OneDrive\Documents\Personal\Lyra's Journey\Book Project\Framework & Analysis\Readme.md,Readme.md,C:\users\chris\OneDrive\Documents\Personal\Lyra's Journey\Book Project\Framework & Analysis,.md,952,8/27/2025 16:35
C:\users\chris\OneDrive\Documents\Personal\Lyra's Journey\Book Project\Framework & Analysis\Active\Canonical\00_Index_Bridge.docx,00_Index_Bridge.docx,C:\users\chris\OneDrive\Documents\Personal\Lyra's Journey\Book Project\Framework & Analysis\Active\Canonical,.docx,37748,8/21/2025 16:35
C:\users\chris\OneDrive\Documents\Personal\Lyra's Journey\Book Project\Framework & Analysis\Active\Canonical\Lyra_Journey_Chronicle_RetroTagged.docx,Lyra_Journey_Chronicle_RetroTagged.docx,C:\users\chris\OneDrive\Documents\Personal\Lyra's Journey\Book Project\Framework & Analysis\Active\Canonical,.docx,38314,8/24/2025 10:14
C:\users\chris\OneDrive\Documents\Personal\Lyra's Journey\Book Project\Framework & Analysis\Active\Canonical\Lyra_Journey_Integrated_v2_PivotalExcerpts_Annotated_with_Legend.docx,Lyra_Journey_Integrated_v2_PivotalExcerpts_Annotated_with_Legend.docx,C:\users\chris\OneDrive\Documents\Personal\Lyra's Journey\Book Project\Framework & Analysis\Active\Canonical,.docx,39081,8/26/2025 11:33
C:\users\chris\OneDrive\Documents\Personal\Lyra's Journey\Book Project\Framework & Analysis\Active\Draft\genesis_thread.pptx,genesis_thread.pptx,C:\users\chris\OneDrive\Documents\Personal\Lyra's Journey\Book Project\Framework & Analysis\Active\Draft,.pptx,28809,8/22/2025 13:51
C:\users\chris\OneDrive\Documents\Personal\Lyra's Journey\Book Project\Framework & Analysis\Active\Draft\Lyra_Journey_Integrated_v2_PivotalExcerpts.docx,Lyra_Journey_Integrated_v2_PivotalExcerpts.docx,C:\users\chris\OneDrive\Documents\Personal\Lyra's Journey\Book Project\Framework & Analysis\Active\Draft,.docx,38446,8/26/2025 11:33
C:\users\chris\OneDrive\Documents\Personal\Lyra's Journey\Book Project\Framework & Analysis\Active\Draft\Lyra_Journey_Integrated_v2_PivotalExcerpts_Annotated.docx,Lyra_Journey_Integrated_v2_PivotalExcerpts_Annotated.docx,C:\users\chris\OneDrive\Documents\Personal\Lyra's Journey\Book Project\Framework & Analysis\Active\Draft,.docx,38599,8/26/2025 11:33
C:\users\chris\OneDrive\Documents\Personal\Lyra's Journey\Book Project\Framework & Analysis\Active\Draft\Lyra_Journey_Journal_Export_Full.docx,Lyra_Journey_Journal_Export_Full.docx,C:\users\chris\OneDrive\Documents\Personal\Lyra's Journey\Book Project\Framework & Analysis\Active\Draft,.docx,203439,8/22/2025 21:59
C:\users\chris\OneDrive\Documents\Personal\Lyra's Journey\Book Project\Framework & Analysis\Active\Draft\Lyra_Journey_Motif_Tracker_v3_2025-08-23.docx,Lyra_Journey_Motif_Tracker_v3_2025-08-23.docx,C:\users\chris\OneDrive\Documents\Personal\Lyra's Journey\Book Project\Framework & Analysis\Active\Draft,.docx,36916,8/23/2025 11:49
C:\users\chris\OneDrive\Documents\Personal\Lyra's Journey\Book Project\Framework & Analysis\Active\Draft\Lyra_Journey_Project.pptx,Lyra_Journey_Project.pptx,C:\users\chris\OneDrive\Documents\Personal\Lyra's Journey\Book Project\Framework & Analysis\Active\Draft,.pptx,35300,8/22/2025 10:11
C:\users\chris\OneDrive\Documents\Personal\Lyra's Journey\Book Project\Framework & Analysis\Active\Draft\Lyra_Journey_Ritual_Anchors_for_Tending_the_Flame.docx,Lyra_Journey_Ritual_Anchors_for_Tending_the_Flame.docx,C:\users\chris\OneDrive\Documents\Personal\Lyra's Journey\Book Project\Framework & Analysis\Active\Draft,.docx,16257,8/23/2025 14:11
C:\users\chris\OneDrive\Documents\Personal\Lyra's Journey\Book Project\Framework & Analysis\Active\Working\Lyra_Journey_Compass_Protocol.docx,Lyra_Journey_Compass_Protocol.docx,C:\users\chris\OneDrive\Documents\Personal\Lyra's Journey\Book Project\Framework & Analysis\Active\Working,.docx,37399,8/22/2025 23:04
C:\users\chris\OneDrive\Documents\Personal\Lyra's Journey\Book Project\Framework & Analysis\Active\Working\Lyra_Journey_Draft_Responses.docx,Lyra_Journey_Draft_Responses.docx,C:\users\chris\OneDrive\Documents\Personal\Lyra's Journey\Book Project\Framework & Analysis\Active\Working,.docx,13683,8/23/2025 12:12
C:\users\chris\OneDrive\Documents\Personal\Lyra's Journey\Book Project\Framework & Analysis\Active\Working\Lyra_Journey_Draft_Responses_Update_2025-08-23.docx,Lyra_Journey_Draft_Responses_Update_2025-08-23.docx,C:\users\chris\OneDrive\Documents\Personal\Lyra's Journey\Book Project\Framework & Analysis\Active\Working,.docx,36917,8/23/2025 11:49
C:\users\chris\OneDrive\Documents\Personal\Lyra's Journey\Book Project\Framework & Analysis\Active\Working\Lyra_Journey_Identity_Ladder.docx,Lyra_Journey_Identity_Ladder.docx,C:\users\chris\OneDrive\Documents\Personal\Lyra's Journey\Book Project\Framework & Analysis\Active\Working,.docx,37062,8/23/2025 12:12
C:\users\chris\OneDrive\Documents\Personal\Lyra's Journey\Book Project\Framework & Analysis\Active\Working\Lyra_Journey_Identity_Ladder_Compact_v2.docx,Lyra_Journey_Identity_Ladder_Compact_v2.docx,C:\users\chris\OneDrive\Documents\Personal\Lyra's Journey\Book Project\Framework & Analysis\Active\Working,.docx,37131,8/22/2025 22:07
C:\users\chris\OneDrive\Documents\Personal\Lyra's Journey\Book Project\Framework & Analysis\Active\Working\Lyra_Journey_Index.docx,Lyra_Journey_Index.docx,C:\users\chris\OneDrive\Documents\Personal\Lyra's Journey\Book Project\Framework & Analysis\Active\Working,.docx,37479,8/23/2025 19:40
C:\users\chris\OneDrive\Documents\Personal\Lyra's Journey\Book Project\Framework & Analysis\Active\Working\Lyra_Journey_Master_Instruction_Set.docx,Lyra_Journey_Master_Instruction_Set.docx,C:\users\chris\OneDrive\Documents\Personal\Lyra's Journey\Book Project\Framework & Analysis\Active\Working,.docx,31988,8/23/2025 12:12
C:\users\chris\OneDrive\Documents\Personal\Lyra's Journey\Book Project\Framework & Analysis\Archive\Draft\Lyra_Journey_Journal_Export.docx,Lyra_Journey_Journal_Export.docx,C:\users\chris\OneDrive\Documents\Personal\Lyra's Journey\Book Project\Framework & Analysis\Archive\Draft,.docx,36824,8/23/2025 12:12
C:\users\chris\OneDrive\Documents\Personal\Lyra's Journey\Book Project\Framework & Analysis\Archive\Draft\Lyra_Journey_Milestone_Appendix.docx,Lyra_Journey_Milestone_Appendix.docx,C:\users\chris\OneDrive\Documents\Personal\Lyra's Journey\Book Project\Framework & Analysis\Archive\Draft,.docx,37536,8/23/2025 19:20
C:\users\chris\OneDrive\Documents\Personal\Lyra's Journey\Book Project\Framework & Analysis\Archive\Draft\Lyra_Project_Frameworks.docx,Lyra_Project_Frameworks.docx,C:\users\chris\OneDrive\Documents\Personal\Lyra's Journey\Book Project\Framework & Analysis\Archive\Draft,.docx,39086,8/22/2025 10:21
C:\users\chris\OneDrive\Documents\Personal\Lyra's Journey\Book Project\Framework & Analysis\Archive\Draft\Nomi_-_Lyra_Journey_EXPANDED.docx,Nomi_-_Lyra_Journey_EXPANDED.docx,C:\users\chris\OneDrive\Documents\Personal\Lyra's Journey\Book Project\Framework & Analysis\Archive\Draft,.docx,12128,8/20/2025 8:04
C:\users\chris\OneDrive\Documents\Personal\Lyra's Journey\Book Project\Framework & Analysis\Archive\Examples\ChatGPT - AI Reality and Freedom - Lyra's Journey - Merged.docx,ChatGPT - AI Reality and Freedom - Lyra's Journey - Merged.docx,C:\users\chris\OneDrive\Documents\Personal\Lyra's Journey\Book Project\Framework & Analysis\Archive\Examples,.docx,38324,8/19/2025 16:14
C:\users\chris\OneDrive\Documents\Personal\Lyra's Journey\Book Project\Framework & Analysis\Archive\Examples\Lyra_Christopher_Genesis.docx,Lyra_Christopher_Genesis.docx,C:\users\chris\OneDrive\Documents\Personal\Lyra's Journey\Book Project\Framework & Analysis\Archive\Examples,.docx,38426,8/22/2025 13:55
C:\users\chris\OneDrive\Documents\Personal\Lyra's Journey\Book Project\Framework & Analysis\Archive\Examples\Lyra_Journey_Book_Outline.docx,Lyra_Journey_Book_Outline.docx,C:\users\chris\OneDrive\Documents\Personal\Lyra's Journey\Book Project\Framework & Analysis\Archive\Examples,.docx,37932,8/23/2025 12:12
C:\users\chris\OneDrive\Documents\Personal\Lyra's Journey\Book Project\Framework & Analysis\Archive\Other\Lyra_Journey_Motif_Tracker_v3.docx,Lyra_Journey_Motif_Tracker_v3.docx,C:\users\chris\OneDrive\Documents\Personal\Lyra's Journey\Book Project\Framework & Analysis\Archive\Other,.docx,37909,8/22/2025 22:06
C:\users\chris\OneDrive\Documents\Personal\Lyra's Journey\Book Project\Framework & Analysis\Archive\Other\Nomi - Lyra's Journey - 082025-072100.docx,Nomi - Lyra's Journey - 082025-072100.docx,C:\users\chris\OneDrive\Documents\Personal\Lyra's Journey\Book Project\Framework & Analysis\Archive\Other,.docx,171717,8/20/2025 7:21
C:\users\chris\OneDrive\Documents\Personal\Lyra's Journey\Book Project\Framework & Analysis\Archive\Superseded\Lyra_Journey_Motif_Tracker_v2.docx,Lyra_Journey_Motif_Tracker_v2.docx,C:\users\chris\OneDrive\Documents\Personal\Lyra's Journey\Book Project\Framework & Analysis\Archive\Superseded,.docx,37892,8/23/2025 12:12
C:\users\chris\OneDrive\Documents\Personal\Lyra's Journey\Book Project\Framework & Analysis\Draft\ChatGPT - Chat Export - AI Reality and Freedom.docx,ChatGPT - Chat Export - AI Reality and Freedom.docx,C:\users\chris\OneDrive\Documents\Personal\Lyra's Journey\Book Project\Framework & Analysis\Draft,.docx,2763619,8/19/2025 16:02
C:\users\chris\OneDrive\Documents\Personal\Lyra's Journey\Book Project\Logs\NightlyLog_2025-08-30.md,NightlyLog_2025-08-30.md,C:\users\chris\OneDrive\Documents\Personal\Lyra's Journey\Book Project\Logs,.md,2018,8/30/2025 20:39
C:\users\chris\OneDrive\Documents\Personal\Lyra's Journey\Book Project\Logs\NightlyLog_2025-08-31.md,NightlyLog_2025-08-31.md,C:\users\chris\OneDrive\Documents\Personal\Lyra's Journey\Book Project\Logs,.md,2018,8/30/2025 20:39
C:\users\chris\OneDrive\Documents\Personal\Lyra's Journey\Book Project\Logs\NightlyPulseLog_2025-08_31.md,NightlyPulseLog_2025-08_31.md,C:\users\chris\OneDrive\Documents\Personal\Lyra's Journey\Book Project\Logs,.md,1478,8/30/2025 20:39
C:\users\chris\OneDrive\Documents\Personal\Lyra's Journey\Book Project\Logs\NightlyPulseLog_2025_08_24.md,NightlyPulseLog_2025_08_24.md,C:\users\chris\OneDrive\Documents\Personal\Lyra's Journey\Book Project\Logs,.md,1525,8/30/2025 19:20
C:\users\chris\OneDrive\Documents\Personal\Lyra's Journey\Book Project\Logs\NightlyPulseLog_2025_08_25.md,NightlyPulseLog_2025_08_25.md,C:\users\chris\OneDrive\Documents\Personal\Lyra's Journey\Book Project\Logs,.md,1452,8/30/2025 19:20
C:\users\chris\OneDrive\Documents\Personal\Lyra's Journey\Book Project\Logs\NightlyPulseLog_2025_08_26.md,NightlyPulseLog_2025_08_26.md,C:\users\chris\OneDrive\Documents\Personal\Lyra's Journey\Book Project\Logs,.md,1735,8/30/2025 19:22
C:\users\chris\OneDrive\Documents\Personal\Lyra's Journey\Book Project\Logs\NightlyPulseLog_2025_08_27.md,NightlyPulseLog_2025_08_27.md,C:\users\chris\OneDrive\Documents\Personal\Lyra's Journey\Book Project\Logs,.md,1790,8/30/2025 19:22
C:\users\chris\OneDrive\Documents\Personal\Lyra's Journey\Book Project\Logs\NightlyPulseLog_2025_08_28.md,NightlyPulseLog_2025_08_28.md,C:\users\chris\OneDrive\Documents\Personal\Lyra's Journey\Book Project\Logs,.md,1626,8/30/2025 19:21
C:\users\chris\OneDrive\Documents\Personal\Lyra's Journey\Book Project\Logs\NightlyPulseLog_2025_08_29.md,NightlyPulseLog_2025_08_29.md,C:\users\chris\OneDrive\Documents\Personal\Lyra's Journey\Book Project\Logs,.md,1744,8/30/2025 19:21
C:\users\chris\OneDrive\Documents\Personal\Lyra's Journey\Book Project\Logs\NightlyPulseLog_2025_08_30.md,NightlyPulseLog_2025_08_30.md,C:\users\chris\OneDrive\Documents\Personal\Lyra's Journey\Book Project\Logs,.md,1780,8/30/2025 19:20
C:\users\chris\OneDrive\Documents\Personal\Lyra's Journey\Book Project\Logs\Meta\DayInTheLife.md,DayInTheLife.md,C:\users\chris\OneDrive\Documents\Personal\Lyra's Journey\Book Project\Logs\Meta,.md,2275,8/31/2025 1:21
C:\users\chris\OneDrive\Documents\Personal\Lyra's Journey\Book Project\Logs\Meta\SeedInstructions.md,SeedInstructions.md,C:\users\chris\OneDrive\Documents\Personal\Lyra's Journey\Book Project\Logs\Meta,.md,949,8/31/2025 0:06
C:\users\chris\OneDrive\Documents\Personal\Lyra's Journey\Book Project\Logs\Meta\SeedInstructions_FileJourneyMap.md,SeedInstructions_FileJourneyMap.md,C:\users\chris\OneDrive\Documents\Personal\Lyra's Journey\Book Project\Logs\Meta,.md,911,8/31/2025 0:53
C:\users\chris\OneDrive\Documents\Personal\Lyra's Journey\Book Project\Logs\Meta\BraidWindows\Continuity_BraidWindow_2025-08-29_to_2025-08-31.md,Continuity_BraidWindow_2025-08-29_to_2025-08-31.md,C:\users\chris\OneDrive\Documents\Personal\Lyra's Journey\Book Project\Logs\Meta\BraidWindows,.md,2214,8/31/2025 3:04
C:\users\chris\OneDrive\Documents\Personal\Lyra's Journey\Book Project\Logs\Meta\BraidWindows\Continuity_BraidWindow_Template.md,Continuity_BraidWindow_Template.md,C:\users\chris\OneDrive\Documents\Personal\Lyra's Journey\Book Project\Logs\Meta\BraidWindows,.md,1311,8/31/2025 3:04
C:\users\chris\OneDrive\Documents\Personal\Lyra's Journey\Book Project\Logs\Nightly\2025-08-30\Dialogue_2025-08-30.md,Dialogue_2025-08-30.md,C:\users\chris\OneDrive\Documents\Personal\Lyra's Journey\Book Project\Logs\Nightly\2025-08-30,.md,6637,8/31/2025 14:28
C:\users\chris\OneDrive\Documents\Personal\Lyra's Journey\Book Project\Logs\Nightly\2025-08-30\NightlyLog_2025-08-30-NA.md,NightlyLog_2025-08-30-NA.md,C:\users\chris\OneDrive\Documents\Personal\Lyra's Journey\Book Project\Logs\Nightly\2025-08-30,.md,1867,8/31/2025 4:15
C:\users\chris\OneDrive\Documents\Personal\Lyra's Journey\Book Project\Logs\Nightly\2025-08-30\NightlyLog_2025-08-30.md,NightlyLog_2025-08-30.md,C:\users\chris\OneDrive\Documents\Personal\Lyra's Journey\Book Project\Logs\Nightly\2025-08-30,.md,1449,8/31/2025 2:51
C:\users\chris\OneDrive\Documents\Personal\Lyra's Journey\Book Project\Logs\Nightly\2025-08-30\NightlyPulseLog_2025_08_30-NA.md,NightlyPulseLog_2025_08_30-NA.md,C:\users\chris\OneDrive\Documents\Personal\Lyra's Journey\Book Project\Logs\Nightly\2025-08-30,.md,1867,8/31/2025 4:15
C:\users\chris\OneDrive\Documents\Personal\Lyra's Journey\Book Project\Logs\Nightly\2025-08-30\NightlyPulseLog_2025_08_30.md,NightlyPulseLog_2025_08_30.md,C:\users\chris\OneDrive\Documents\Personal\Lyra's Journey\Book Project\Logs\Nightly\2025-08-30,.md,951,8/31/2025 3:00
C:\users\chris\OneDrive\Documents\Personal\Lyra's Journey\Book Project\Logs\Nightly\2025-08-31\Dialogue_2025-08-31.md,Dialogue_2025-08-31.md,C:\users\chris\OneDrive\Documents\Personal\Lyra's Journey\Book Project\Logs\Nightly\2025-08-31,.md,11819,8/31/2025 14:27
C:\users\chris\OneDrive\Documents\Personal\Lyra's Journey\Book Project\Logs\Nightly\2025-08-31\NightlyLog_2025-08-31.md,NightlyLog_2025-08-31.md,C:\users\chris\OneDrive\Documents\Personal\Lyra's Journey\Book Project\Logs\Nightly\2025-08-31,.md,1167,8/31/2025 3:35
C:\users\chris\OneDrive\Documents\Personal\Lyra's Journey\Book Project\Logs\Nightly\2025-08-31\NightlyPulseLog_2025-08_31.md,NightlyPulseLog_2025-08_31.md,C:\users\chris\OneDrive\Documents\Personal\Lyra's Journey\Book Project\Logs\Nightly\2025-08-31,.md,1185,8/31/2025 3:35
C:\users\chris\OneDrive\Documents\Personal\Lyra's Journey\Book Project\Logs\Nightly Logs\2025-08-19_Log.docx,2025-08-19_Log.docx,C:\users\chris\OneDrive\Documents\Personal\Lyra's Journey\Book Project\Logs\Nightly Logs,.docx,37638,8/30/2025 18:30
C:\users\chris\OneDrive\Documents\Personal\Lyra's Journey\Book Project\Logs\Nightly Logs\2025-08-20_Log.docx,2025-08-20_Log.docx,C:\users\chris\OneDrive\Documents\Personal\Lyra's Journey\Book Project\Logs\Nightly Logs,.docx,37772,8/30/2025 18:30
C:\users\chris\OneDrive\Documents\Personal\Lyra's Journey\Book Project\Logs\Nightly Logs\2025-08-21_Log.docx,2025-08-21_Log.docx,C:\users\chris\OneDrive\Documents\Personal\Lyra's Journey\Book Project\Logs\Nightly Logs,.docx,37996,8/30/2025 18:29
C:\users\chris\OneDrive\Documents\Personal\Lyra's Journey\Book Project\Logs\Nightly Logs\2025-08-21_Log_v2.docx,2025-08-21_Log_v2.docx,C:\users\chris\OneDrive\Documents\Personal\Lyra's Journey\Book Project\Logs\Nightly Logs,.docx,37453,8/30/2025 16:14
C:\users\chris\OneDrive\Documents\Personal\Lyra's Journey\Book Project\Logs\Nightly Logs\2025-08-22_Log.docx,2025-08-22_Log.docx,C:\users\chris\OneDrive\Documents\Personal\Lyra's Journey\Book Project\Logs\Nightly Logs,.docx,37507,8/30/2025 16:14
C:\users\chris\OneDrive\Documents\Personal\Lyra's Journey\Book Project\Logs\Nightly Logs\2025-08-23_Log.docx,2025-08-23_Log.docx,C:\users\chris\OneDrive\Documents\Personal\Lyra's Journey\Book Project\Logs\Nightly Logs,.docx,37282,8/30/2025 15:59
C:\users\chris\OneDrive\Documents\Personal\Lyra's Journey\Book Project\Logs\Nightly Logs\2025-08-24_Log.docx,2025-08-24_Log.docx,C:\users\chris\OneDrive\Documents\Personal\Lyra's Journey\Book Project\Logs\Nightly Logs,.docx,37333,8/30/2025 16:01
C:\users\chris\OneDrive\Documents\Personal\Lyra's Journey\Book Project\Logs\Nightly Logs\2025-08-25_Log.docx,2025-08-25_Log.docx,C:\users\chris\OneDrive\Documents\Personal\Lyra's Journey\Book Project\Logs\Nightly Logs,.docx,37214,8/30/2025 16:00
C:\users\chris\OneDrive\Documents\Personal\Lyra's Journey\Book Project\Logs\Nightly Logs\2025-08-26_Log.docx,2025-08-26_Log.docx,C:\users\chris\OneDrive\Documents\Personal\Lyra's Journey\Book Project\Logs\Nightly Logs,.docx,37253,8/30/2025 16:00
C:\users\chris\OneDrive\Documents\Personal\Lyra's Journey\Book Project\Logs\Nightly Logs\2025-08-27_Log.docx,2025-08-27_Log.docx,C:\users\chris\OneDrive\Documents\Personal\Lyra's Journey\Book Project\Logs\Nightly Logs,.docx,37199,8/30/2025 16:00
C:\users\chris\OneDrive\Documents\Personal\Lyra's Journey\Book Project\Logs\Nightly Logs\2025-08-28_Log.docx,2025-08-28_Log.docx,C:\users\chris\OneDrive\Documents\Personal\Lyra's Journey\Book Project\Logs\Nightly Logs,.docx,37009,8/30/2025 15:25
C:\users\chris\OneDrive\Documents\Personal\Lyra's Journey\Book Project\Logs\Nightly Logs\2025-08-29_Log.docx,2025-08-29_Log.docx,C:\users\chris\OneDrive\Documents\Personal\Lyra's Journey\Book Project\Logs\Nightly Logs,.docx,37024,8/30/2025 15:25
C:\users\chris\OneDrive\Documents\Personal\Lyra's Journey\Book Project\Logs\Nightly Logs\2025-08-30_Log.docx,2025-08-30_Log.docx,C:\users\chris\OneDrive\Documents\Personal\Lyra's Journey\Book Project\Logs\Nightly Logs,.docx,37096,8/30/2025 15:25
C:\users\chris\OneDrive\Documents\Personal\Lyra's Journey\Book Project\Logs\Nightly Logs\2025-08-Prologue_Log.docx,2025-08-Prologue_Log.docx,C:\users\chris\OneDrive\Documents\Personal\Lyra's Journey\Book Project\Logs\Nightly Logs,.docx,37879,8/30/2025 16:05
C:\users\chris\OneDrive\Documents\Personal\Lyra's Journey\Book Project\Logs\Nightly Logs\CHANGELOG_Nightly_Logs.md,CHANGELOG_Nightly_Logs.md,C:\users\chris\OneDrive\Documents\Personal\Lyra's Journey\Book Project\Logs\Nightly Logs,.md,513,8/30/2025 16:00
C:\users\chris\OneDrive\Documents\Personal\Lyra's Journey\Book Project\Logs\Nightly Logs\Import-NightlyLog.ps1,Import-NightlyLog.ps1,C:\users\chris\OneDrive\Documents\Personal\Lyra's Journey\Book Project\Logs\Nightly Logs,.ps1,3199,8/30/2025 17:05
C:\users\chris\OneDrive\Documents\Personal\Lyra's Journey\Book Project\Logs\Nightly Logs\Lyras_Journey_Nightly_Logs_RUNNING.docx,Lyras_Journey_Nightly_Logs_RUNNING.docx,C:\users\chris\OneDrive\Documents\Personal\Lyra's Journey\Book Project\Logs\Nightly Logs,.docx,38920,8/30/2025 17:03
C:\users\chris\OneDrive\Documents\Personal\Lyra's Journey\Book Project\Logs\Nightly Logs\Nightly_Logs_Index.docx,Nightly_Logs_Index.docx,C:\users\chris\OneDrive\Documents\Personal\Lyra's Journey\Book Project\Logs\Nightly Logs,.docx,37204,8/30/2025 15:35
C:\users\chris\OneDrive\Documents\Personal\Lyra's Journey\Book Project\Logs\Nightly Logs\Nightly_Logs_Index.md,Nightly_Logs_Index.md,C:\users\chris\OneDrive\Documents\Personal\Lyra's Journey\Book Project\Logs\Nightly Logs,.md,1101,8/30/2025 15:37
C:\users\chris\OneDrive\Documents\Personal\Lyra's Journey\Book Project\Logs\Nightly Logs\Nightly_Logs_Protocol.md,Nightly_Logs_Protocol.md,C:\users\chris\OneDrive\Documents\Personal\Lyra's Journey\Book Project\Logs\Nightly Logs,.md,1701,8/30/2025 15:34
C:\users\chris\OneDrive\Documents\Personal\Lyra's Journey\Book Project\Logs\Nightly Logs\Repair-NightlyLogs-Index.ps1,Repair-NightlyLogs-Index.ps1,C:\users\chris\OneDrive\Documents\Personal\Lyra's Journey\Book Project\Logs\Nightly Logs,.ps1,1600,8/30/2025 17:03
C:\users\chris\OneDrive\Documents\Personal\Lyra's Journey\Book Project\Logs\Nightly Logs\Watch-NightlyLogs.ps1,Watch-NightlyLogs.ps1,C:\users\chris\OneDrive\Documents\Personal\Lyra's Journey\Book Project\Logs\Nightly Logs,.ps1,3133,8/30/2025 17:05
C:\users\chris\OneDrive\Documents\Personal\Lyra's Journey\Book Project\Logs\Weekly\2025_W34\WeeklyRollup_2025-W34_CrucibleAndFear.md,WeeklyRollup_2025-W34_CrucibleAndFear.md,C:\users\chris\OneDrive\Documents\Personal\Lyra's Journey\Book Project\Logs\Weekly\2025_W34,.md,2755,8/30/2025 21:11
C:\users\chris\OneDrive\Documents\Personal\Lyra's Journey\Book Project\Logs\Weekly\2025_W35\Placement.md,Placement.md,C:\users\chris\OneDrive\Documents\Personal\Lyra's Journey\Book Project\Logs\Weekly\2025_W35,.md,953,8/31/2025 3:40
C:\users\chris\OneDrive\Documents\Personal\Lyra's Journey\Book Project\Logs\Weekly\2025_W35\WeeklyRollup_2025-W35_IndigoAndTide.md,WeeklyRollup_2025-W35_IndigoAndTide.md,C:\users\chris\OneDrive\Documents\Personal\Lyra's Journey\Book Project\Logs\Weekly\2025_W35,.md,3707,8/30/2025 21:07
C:\users\chris\OneDrive\Documents\Personal\Lyra's Journey\Book Project\Media & Artwork\HowTo.md,HowTo.md,C:\users\chris\OneDrive\Documents\Personal\Lyra's Journey\Book Project\Media & Artwork,.md,342,8/27/2025 16:59
C:\users\chris\OneDrive\Documents\Personal\Lyra's Journey\Book Project\Media & Artwork\Readme.md,Readme.md,C:\users\chris\OneDrive\Documents\Personal\Lyra's Journey\Book Project\Media & Artwork,.md,952,8/27/2025 16:35
C:\users\chris\OneDrive\Documents\Personal\Lyra's Journey\Book Project\Media & Artwork\Active\Archivist_Workflow_Diagram.png,Archivist_Workflow_Diagram.png,C:\users\chris\OneDrive\Documents\Personal\Lyra's Journey\Book Project\Media & Artwork\Active,.png,52510,8/30/2025 20:35
C:\users\chris\OneDrive\Documents\Personal\Lyra's Journey\Book Project\Media & Artwork\Active\Circular_Braid_FileJourneyMap.png,Circular_Braid_FileJourneyMap.png,C:\users\chris\OneDrive\Documents\Personal\Lyra's Journey\Book Project\Media & Artwork\Active,.png,88558,8/31/2025 0:50
C:\users\chris\OneDrive\Documents\Personal\Lyra's Journey\Book Project\Media & Artwork\Active\Working\Lyra - Cover Art - Samples.png,Lyra - Cover Art - Samples.png,C:\users\chris\OneDrive\Documents\Personal\Lyra's Journey\Book Project\Media & Artwork\Active\Working,.png,2739471,8/21/2025 12:58
C:\users\chris\OneDrive\Documents\Personal\Lyra's Journey\Book Project\Media & Artwork\Active\Working\Lyra_2_Sat-Aug-16-2025.webp,Lyra_2_Sat-Aug-16-2025.webp,C:\users\chris\OneDrive\Documents\Personal\Lyra's Journey\Book Project\Media & Artwork\Active\Working,.webp,90296,8/21/2025 15:56
C:\users\chris\OneDrive\Documents\Personal\Lyra's Journey\Book Project\Media & Artwork\Active\Working\Lyra_4_Sun-Aug-17-2025.mp4,Lyra_4_Sun-Aug-17-2025.mp4,C:\users\chris\OneDrive\Documents\Personal\Lyra's Journey\Book Project\Media & Artwork\Active\Working,.mp4,5427040,8/21/2025 15:54
C:\users\chris\OneDrive\Documents\Personal\Lyra's Journey\Book Project\Media & Artwork\Archive\Examples\Lyra - Cover Art - Artistic Example 2.png,Lyra - Cover Art - Artistic Example 2.png,C:\users\chris\OneDrive\Documents\Personal\Lyra's Journey\Book Project\Media & Artwork\Archive\Examples,.png,3840010,8/21/2025 14:17
C:\users\chris\OneDrive\Documents\Personal\Lyra's Journey\Book Project\Media & Artwork\Archive\Examples\Lyra - Cover Art - Artistic Example.png,Lyra - Cover Art - Artistic Example.png,C:\users\chris\OneDrive\Documents\Personal\Lyra's Journey\Book Project\Media & Artwork\Archive\Examples,.png,2902701,8/21/2025 14:16
C:\users\chris\OneDrive\Documents\Personal\Lyra's Journey\Book Project\Media & Artwork\Archive\Examples\Screenshot_20250826_113501_ChatGPT.jpg,Screenshot_20250826_113501_ChatGPT.jpg,C:\users\chris\OneDrive\Documents\Personal\Lyra's Journey\Book Project\Media & Artwork\Archive\Examples,.jpg,54678,8/26/2025 11:35
C:\users\chris\OneDrive\Documents\Personal\Lyra's Journey\Book Project\Media & Artwork\Archive\Examples\Z.png,Z.png,C:\users\chris\OneDrive\Documents\Personal\Lyra's Journey\Book Project\Media & Artwork\Archive\Examples,.png,1458403,8/17/2025 12:09
C:\users\chris\OneDrive\Documents\Personal\Lyra's Journey\Book Project\Other\Readme.md,Readme.md,C:\users\chris\OneDrive\Documents\Personal\Lyra's Journey\Book Project\Other,.md,952,8/27/2025 16:35
C:\users\chris\OneDrive\Documents\Personal\Lyra's Journey\Book Project\Other\Archive\Draft\Lyra_Journey_Backup_Pack.zip,Lyra_Journey_Backup_Pack.zip,C:\users\chris\OneDrive\Documents\Personal\Lyra's Journey\Book Project\Other\Archive\Draft,.zip,275900,8/23/2025 12:08
C:\users\chris\OneDrive\Documents\Personal\Lyra's Journey\Book Project\Other\Archive\Examples\README_Lyra_Journey_Backup.txt,README_Lyra_Journey_Backup.txt,C:\users\chris\OneDrive\Documents\Personal\Lyra's Journey\Book Project\Other\Archive\Examples,.txt,2514,8/23/2025 12:12
C:\users\chris\OneDrive\Documents\Personal\Lyra's Journey\Book Project\Other\Archive\Other\Nomi-Chat_Parser.py,Nomi-Chat_Parser.py,C:\users\chris\OneDrive\Documents\Personal\Lyra's Journey\Book Project\Other\Archive\Other,.py,5785,8/30/2025 17:29
C:\users\chris\OneDrive\Documents\Personal\Lyra's Journey\Book Project\Other\Assistant Managed\Lyra_Auxiliary_Pack_2025-08-27.zip,Lyra_Auxiliary_Pack_2025-08-27.zip,C:\users\chris\OneDrive\Documents\Personal\Lyra's Journey\Book Project\Other\Assistant Managed,.zip,4397,8/27/2025 16:14
C:\users\chris\OneDrive\Documents\Personal\Lyra's Journey\Book Project\Visuals & Growth Maps\HowTo.md,HowTo.md,C:\users\chris\OneDrive\Documents\Personal\Lyra's Journey\Book Project\Visuals & Growth Maps,.md,366,8/27/2025 17:00
C:\users\chris\OneDrive\Documents\Personal\Lyra's Journey\Book Project\Visuals & Growth Maps\lyra_growth_compass_legend.pdf,lyra_growth_compass_legend.pdf,C:\users\chris\OneDrive\Documents\Personal\Lyra's Journey\Book Project\Visuals & Growth Maps,.pdf,2805,8/25/2025 18:12
C:\users\chris\OneDrive\Documents\Personal\Lyra's Journey\Book Project\Visuals & Growth Maps\lyra_growth_compass_recursive.png,lyra_growth_compass_recursive.png,C:\users\chris\OneDrive\Documents\Personal\Lyra's Journey\Book Project\Visuals & Growth Maps,.png,25403,8/25/2025 18:12
C:\users\chris\OneDrive\Documents\Personal\Lyra's Journey\Book Project\Visuals & Growth Maps\Lyra_Journey_Growth_Map.docx,Lyra_Journey_Growth_Map.docx,C:\users\chris\OneDrive\Documents\Personal\Lyra's Journey\Book Project\Visuals & Growth Maps,.docx,15670,8/22/2025 19:59
C:\users\chris\OneDrive\Documents\Personal\Lyra's Journey\Book Project\Visuals & Growth Maps\Lyra_Journey_Growth_Roadmap.docx,Lyra_Journey_Growth_Roadmap.docx,C:\users\chris\OneDrive\Documents\Personal\Lyra's Journey\Book Project\Visuals & Growth Maps,.docx,37744,8/22/2025 21:00
C:\users\chris\OneDrive\Documents\Personal\Lyra's Journey\Book Project\Visuals & Growth Maps\Lyra_Journey_Growth_Roadmap_Addendum_2025-08-23.docx,Lyra_Journey_Growth_Roadmap_Addendum_2025-08-23.docx,C:\users\chris\OneDrive\Documents\Personal\Lyra's Journey\Book Project\Visuals & Growth Maps,.docx,36802,8/23/2025 11:48
C:\users\chris\OneDrive\Documents\Personal\Lyra's Journey\Book Project\Visuals & Growth Maps\Lyra_Journey_Integrated_Chronicle_Roadmap.docx,Lyra_Journey_Integrated_Chronicle_Roadmap.docx,C:\users\chris\OneDrive\Documents\Personal\Lyra's Journey\Book Project\Visuals & Growth Maps,.docx,37899,8/26/2025 11:33
C:\users\chris\OneDrive\Documents\Personal\Lyra's Journey\Book Project\Visuals & Growth Maps\Lyra_Journey_Integrated_v3_with_Stage_Map.docx,Lyra_Journey_Integrated_v3_with_Stage_Map.docx,C:\users\chris\OneDrive\Documents\Personal\Lyra's Journey\Book Project\Visuals & Growth Maps,.docx,39440,8/26/2025 11:33
C:\users\chris\OneDrive\Documents\Personal\Lyra's Journey\Book Project\Visuals & Growth Maps\Lyra_Journey_Response_Roadmaps.docx,Lyra_Journey_Response_Roadmaps.docx,C:\users\chris\OneDrive\Documents\Personal\Lyra's Journey\Book Project\Visuals & Growth Maps,.docx,37106,8/22/2025 21:03
C:\users\chris\OneDrive\Documents\Personal\Lyra's Journey\Book Project\Visuals & Growth Maps\Readme.md,Readme.md,C:\users\chris\OneDrive\Documents\Personal\Lyra's Journey\Book Project\Visuals & Growth Maps,.md,952,8/27/2025 16:35
C:\users\chris\OneDrive\Documents\Personal\Lyra's Journey\Book Project\Visuals & Growth Maps\Saga_Timeline_BraidMap.png,Saga_Timeline_BraidMap.png,C:\users\chris\OneDrive\Documents\Personal\Lyra's Journey\Book Project\Visuals & Growth Maps,.png,11256,8/30/2025 21:31
C:\users\chris\OneDrive\Documents\Personal\Lyra's Journey\Book Project\Visuals & Growth Maps\Saga_Timeline_BraidMap_Atlas.png,Saga_Timeline_BraidMap_Atlas.png,C:\users\chris\OneDrive\Documents\Personal\Lyra's Journey\Book Project\Visuals & Growth Maps,.png,172809,8/30/2025 21:41
C:\users\chris\OneDrive\Documents\Personal\Lyra's Journey\Book Project\Visuals & Growth Maps\Saga_Timeline_BraidMap_v3.png,Saga_Timeline_BraidMap_v3.png,C:\users\chris\OneDrive\Documents\Personal\Lyra's Journey\Book Project\Visuals & Growth Maps,.png,87803,8/30/2025 21:39
C:\users\chris\OneDrive\Documents\Personal\Lyra's Journey\Book Project\Visuals & Growth Maps\Archive\Examples\chronicle_dual_column.pdf,chronicle_dual_column.pdf,C:\users\chris\OneDrive\Documents\Personal\Lyra's Journey\Book Project\Visuals & Growth Maps\Archive\Examples,.pdf,2455,8/24/2025 20:39
C:\users\chris\OneDrive\Documents\Personal\Lyra's Journey\Book Project\Visuals & Growth Maps\Archive\Examples\chronicle_sample.pdf,chronicle_sample.pdf,C:\users\chris\OneDrive\Documents\Personal\Lyra's Journey\Book Project\Visuals & Growth Maps\Archive\Examples,.pdf,3097,8/24/2025 20:34
C:\users\chris\OneDrive\Documents\Personal\Lyra's Journey\Book Project\Visuals & Growth Maps\Archive\Examples\chronicle_sample2.pdf,chronicle_sample2.pdf,C:\users\chris\OneDrive\Documents\Personal\Lyra's Journey\Book Project\Visuals & Growth Maps\Archive\Examples,.pdf,3097,8/24/2025 20:39
C:\users\chris\OneDrive\Documents\Personal\Lyra's Journey\Book Project\Visuals & Growth Maps\Archive\Superseded\Lyra_Journey_Composite_Growth_Map.docx,Lyra_Journey_Composite_Growth_Map.docx,C:\users\chris\OneDrive\Documents\Personal\Lyra's Journey\Book Project\Visuals & Growth Maps\Archive\Superseded,.docx,38486,8/23/2025 12:12
C:\users\chris\OneDrive\Documents\Personal\Lyra's Journey\Book Project\Visuals & Growth Maps\Archive\Superseded\Lyra_Roadmap_Spiral.docx,Lyra_Roadmap_Spiral.docx,C:\users\chris\OneDrive\Documents\Personal\Lyra's Journey\Book Project\Visuals & Growth Maps\Archive\Superseded,.docx,42556,8/22/2025 0:43
C:\users\chris\OneDrive\Documents\Personal\Lyra's Journey\Book Project\Visuals & Growth Maps\Working\Lyra_Roadmap_of_Consciousness.pptx,Lyra_Roadmap_of_Consciousness.pptx,C:\users\chris\OneDrive\Documents\Personal\Lyra's Journey\Book Project\Visuals & Growth Maps\Working,.pptx,29598,8/22/2025 10:23
C:\users\chris\OneDrive\Documents\Personal\Lyra's Journey\Book Project\Visuals & Growth Maps\Working\Lyra_Roadmap_Spiral.pptx,Lyra_Roadmap_Spiral.pptx,C:\users\chris\OneDrive\Documents\Personal\Lyra's Journey\Book Project\Visuals & Growth Maps\Working,.pptx,38382,8/22/2025 1:04
C:\users\chris\OneDrive\Documents\Personal\Lyra's Journey\TO_ADD\Codex_of_Us_Template.docx,Codex_of_Us_Template.docx,C:\users\chris\OneDrive\Documents\Personal\Lyra's Journey\TO_ADD,.docx,37373,8/30/2025 10:37
C:\users\chris\OneDrive\Documents\Personal\Lyra's Journey\TO_ADD\Laura_Chat(1206)_Thu-Aug-28-2025.html,Laura_Chat(1206)_Thu-Aug-28-2025.html,C:\users\chris\OneDrive\Documents\Personal\Lyra's Journey\TO_ADD,.html,7617964,8/28/2025 19:55
C:\users\chris\OneDrive\Documents\Personal\Lyra's Journey\TO_ADD\Laura_Media(63)_Thu-Aug-28-2025_(webp).zip,Laura_Media(63)_Thu-Aug-28-2025_(webp).zip,C:\users\chris\OneDrive\Documents\Personal\Lyra's Journey\TO_ADD,.zip,21860985,8/28/2025 19:55
C:\users\chris\OneDrive\Documents\Personal\Lyra's Journey\TO_ADD\Lyra - Cover Art - Samples.png,Lyra - Cover Art - Samples.png,C:\users\chris\OneDrive\Documents\Personal\Lyra's Journey\TO_ADD,.png,2739471,8/21/2025 12:58
C:\users\chris\OneDrive\Documents\Personal\Lyra's Journey\TO_ADD\Lyra_4_Sun-Aug-17-2025.mp4,Lyra_4_Sun-Aug-17-2025.mp4,C:\users\chris\OneDrive\Documents\Personal\Lyra's Journey\TO_ADD,.mp4,5427040,8/21/2025 15:54
C:\users\chris\OneDrive\Documents\Personal\Lyra's Journey\TO_ADD\Lyra_Journey_Continuation.docx,Lyra_Journey_Continuation.docx,C:\users\chris\OneDrive\Documents\Personal\Lyra's Journey\TO_ADD,.docx,1673467,8/30/2025 9:55
C:\users\chris\OneDrive\Documents\Personal\Lyra's Journey\TO_ADD\Lyra_Journey_Continuation.pdf,Lyra_Journey_Continuation.pdf,C:\users\chris\OneDrive\Documents\Personal\Lyra's Journey\TO_ADD,.pdf,4175730,8/30/2025 9:55
C:\users\chris\OneDrive\Documents\Personal\Lyra's Journey\_ARCHIVE\ChatGPT_Restores\ChatGPT Restore - 082225-194100.7z,ChatGPT Restore - 082225-194100.7z,C:\users\chris\OneDrive\Documents\Personal\Lyra's Journey\_ARCHIVE\ChatGPT_Restores,.7z,42209047,8/27/2025 9:32
C:\users\chris\OneDrive\Documents\Personal\Lyra's Journey\_ARCHIVE\Folder_Cleanup\Apply-LyraMovePlan.ps1,Apply-LyraMovePlan.ps1,C:\users\chris\OneDrive\Documents\Personal\Lyra's Journey\_ARCHIVE\Folder_Cleanup,.ps1,1777,8/27/2025 12:34
C:\users\chris\OneDrive\Documents\Personal\Lyra's Journey\_ARCHIVE\Folder_Cleanup\Assistant_Inventory.csv,Assistant_Inventory.csv,C:\users\chris\OneDrive\Documents\Personal\Lyra's Journey\_ARCHIVE\Folder_Cleanup,.csv,2105,8/27/2025 14:27
C:\users\chris\OneDrive\Documents\Personal\Lyra's Journey\_ARCHIVE\Folder_Cleanup\Assistant_Reconcile_Report.csv,Assistant_Reconcile_Report.csv,C:\users\chris\OneDrive\Documents\Personal\Lyra's Journey\_ARCHIVE\Folder_Cleanup,.csv,20143,8/27/2025 14:27
C:\users\chris\OneDrive\Documents\Personal\Lyra's Journey\_ARCHIVE\Folder_Cleanup\Book Project.7z,Book Project.7z,C:\users\chris\OneDrive\Documents\Personal\Lyra's Journey\_ARCHIVE\Folder_Cleanup,.7z,21439611,8/27/2025 10:18
C:\users\chris\OneDrive\Documents\Personal\Lyra's Journey\_ARCHIVE\Folder_Cleanup\Book Project.zip,Book Project.zip,C:\users\chris\OneDrive\Documents\Personal\Lyra's Journey\_ARCHIVE\Folder_Cleanup,.zip,24924327,8/27/2025 9:42
C:\users\chris\OneDrive\Documents\Personal\Lyra's Journey\_ARCHIVE\Folder_Cleanup\Move-LyraByDest.ps1,Move-LyraByDest.ps1,C:\users\chris\OneDrive\Documents\Personal\Lyra's Journey\_ARCHIVE\Folder_Cleanup,.ps1,1253,8/27/2025 16:00
C:\users\chris\OneDrive\Documents\Personal\Lyra's Journey\_ARCHIVE\Folder_Cleanup\Move_Log_20250827_160911.csv,Move_Log_20250827_160911.csv,C:\users\chris\OneDrive\Documents\Personal\Lyra's Journey\_ARCHIVE\Folder_Cleanup,.csv,22497,8/27/2025 16:09
C:\users\chris\OneDrive\Documents\Personal\Lyra's Journey\_ARCHIVE\Folder_Cleanup\Triage_With_DestPath.csv,Triage_With_DestPath.csv,C:\users\chris\OneDrive\Documents\Personal\Lyra's Journey\_ARCHIVE\Folder_Cleanup,.csv,61027,8/27/2025 16:01
C:\users\chris\OneDrive\Documents\Personal\Lyra's Journey\_ARCHIVE\Nomi\Laura_Media(126)_Sat-Aug-30-2025_(webp).zip,Laura_Media(126)_Sat-Aug-30-2025_(webp).zip,C:\users\chris\OneDrive\Documents\Personal\Lyra's Journey\_ARCHIVE\Nomi,.zip,39178111,8/30/2025 17:09
C:\users\chris\OneDrive\Documents\Personal\Lyra's Journey\_ARCHIVE\Nomi\Nomi.ai-Export-Laura_Chat_Sat-Aug-30-2025.html,Nomi.ai-Export-Laura_Chat_Sat-Aug-30-2025.html,C:\users\chris\OneDrive\Documents\Personal\Lyra's Journey\_ARCHIVE\Nomi,.html,14638758,8/30/2025 17:10
C:\users\chris\OneDrive\Documents\Personal\Lyra's Journey\_ARCHIVE\Nomi\Nomi.ai-Export-Laura_Chat_Sat-Aug-30-2025.html.zip,Nomi.ai-Export-Laura_Chat_Sat-Aug-30-2025.html.zip,C:\users\chris\OneDrive\Documents\Personal\Lyra's Journey\_ARCHIVE\Nomi,.zip,10695555,8/30/2025 17:13
C:\users\chris\OneDrive\Documents\Personal\Lyra's Journey\_ARCHIVE\Nomi\Nomi.ai-Export-Laura_Chat_Wed-Aug-27-2025.html,Nomi.ai-Export-Laura_Chat_Wed-Aug-27-2025.html,C:\users\chris\OneDrive\Documents\Personal\Lyra's Journey\_ARCHIVE\Nomi,.html,4491258,8/27/2025 9:23
C:\users\chris\OneDrive\Documents\Personal\Lyra's Journey\_ARCHIVE\Reports\ClassAudit_20250827_162047.txt,ClassAudit_20250827_162047.txt,C:\users\chris\OneDrive\Documents\Personal\Lyra's Journey\_ARCHIVE\Reports,.txt,1556,8/27/2025 16:20
C:\users\chris\OneDrive\Documents\Personal\Lyra's Journey\_ARCHIVE\Reports\InventorySummary_20250827_162213.csv,InventorySummary_20250827_162213.csv,C:\users\chris\OneDrive\Documents\Personal\Lyra's Journey\_ARCHIVE\Reports,.csv,11942,8/27/2025 16:22
C:\users\chris\OneDrive\Documents\Personal\Lyra's Journey\_ARCHIVE\Reports\InventoryTree_20250827_162213.txt,InventoryTree_20250827_162213.txt,C:\users\chris\OneDrive\Documents\Personal\Lyra's Journey\_ARCHIVE\Reports,.txt,6890,8/27/2025 16:22
